{
    "Camera": {
        "pitch": 0.16000182926654816,
        "x": -3.3360369205474854,
        "y": 6.599473476409912,
        "yaw": -5.745014667510986,
        "z": -5.419264793395996
    },
    "ContentBrowserPath": "C:\\HAL\\DX22\\DirectX11_ECS_ArcheEngine\\Resources\\Game\\Models",
    "LastScene": "Resources/Game/Scenes/GameScene.json"
}