{
    "Camera": {
        "pitch": 6.719983100891113,
        "x": -4.633875846862793,
        "y": 4.371058464050293,
        "yaw": -5.6300435066223145,
        "z": -3.598068952560425
    },
    "ContentBrowserPath": "C:\\HAL\\DX22\\DirectX11_ECS_ArcheEngine\\Resources\\Game\\Prefabs",
    "LastScene": "C:\\HAL\\DX22\\DirectX11_ECS_ArcheEngine\\Resources\\Game\\Scenes\\TitleScene.json"
}