{
    "Camera": {
        "pitch": 6.719955921173096,
        "x": 4.022462844848633,
        "y": 7.199847221374512,
        "yaw": -13.28002643585205,
        "z": -5.693858623504639
    },
    "ContentBrowserPath": "C:\\HAL\\DX22\\DirectX11_ECS_ArcheEngine\\Resources\\Game\\Skyboxes",
    "LastScene": "Resources/Game/Scenes/TitleScene.json"
}