{
    "Collider": {
        "isTrigger": false,
        "offset": [
            0.0,
            0.0,
            0.0
        ],
        "type": 3
    },
    "Rigidbody": {
        "drag": 0.10000000149011612,
        "grav": true,
        "mass": 1.0,
        "type": 1,
        "vel": [
            0.0,
            0.0,
            0.0
        ]
    },
    "Tag": {
        "name": "Enemy"
    },
    "Transform": {
        "pos": [
            2.0957279205322266,
            1.5793133974075317,
            -1.1262290477752686
        ],
        "rot": [
            0.0,
            -0.0,
            0.0
        ],
        "scl": [
            1.0,
            1.0,
            1.0
        ]
    }
}