{
    "Collider": {
        "isTrigger": false,
        "offset": [
            0.0,
            0.0,
            0.0
        ],
        "type": 3
    },
    "Rigidbody": {
        "drag": 0.10000000149011612,
        "grav": true,
        "mass": 1.0,
        "type": 1,
        "vel": [
            0.0,
            0.0,
            0.0
        ]
    },
    "Tag": {
        "name": "Enemy"
    },
    "Transform": {
        "pos": [
            2.859278440475464,
            0.9628474712371826,
            -0.08048558235168457
        ],
        "rot": [
            0.0,
            -0.0,
            0.0
        ],
        "scl": [
            1.0,
            1.0,
            1.0
        ]
    }
}